	
	select * from emp where ename like '%R';

+-------+--------+----------+------+------------+---------+------+--------+
| EMPNO | ENAME  | JOB      | MGR  | HIREDATE   | SAL     | COMM | DEPTNO |
+-------+--------+----------+------+------------+---------+------+--------+
|  7844 | TURNER | SALESMAN | 7698 | 1981-09-08 | 1500.00 | 0.00 |     30 |
|  7934 | MILLER | CLERK    | 7782 | 1982-01-23 | 1300.00 | NULL |     10 |
+-------+--------+----------+------+------------+---------+------+--------+

-----------------------------------------------------------------------------------------------------

	select * from emp where ename like 'M%R';

+-------+--------+-------+------+------------+---------+------+--------+
| EMPNO | ENAME  | JOB   | MGR  | HIREDATE   | SAL     | COMM | DEPTNO |
+-------+--------+-------+------+------------+---------+------+--------+
|  7934 | MILLER | CLERK | 7782 | 1982-01-23 | 1300.00 | NULL |     10 |
+-------+--------+-------+------+------------+---------+------+--------+

-----------------------------------------------------------------------------------------------------

	select * from emp where ename like '_L%';
+-------+-------+----------+------+------------+---------+--------+--------+
| EMPNO | ENAME | JOB      | MGR  | HIREDATE   | SAL     | COMM   | DEPTNO |
+-------+-------+----------+------+------------+---------+--------+--------+
|  7499 | ALLEN | SALESMAN | 7698 | 1981-02-20 | 1600.00 | 300.00 |     30 |
|  7698 | BLAKE | MANAGER  | 7839 | 1981-05-01 | 2850.00 |   NULL |     30 |
|  7782 | CLARK | MANAGER  | 7839 | 1981-09-06 | 2450.00 |   NULL |     10 |
+-------+-------+----------+------+------------+---------+--------+--------+


-----------------------------------------------------------------------------------------------------

	select * from emp where ename like '__L%';
+-------+--------+----------+------+------------+---------+--------+--------+
| EMPNO | ENAME  | JOB      | MGR  | HIREDATE   | SAL     | COMM   | DEPTNO |
+-------+--------+----------+------+------------+---------+--------+--------+
|  7499 | ALLEN  | SALESMAN | 7698 | 1981-02-20 | 1600.00 | 300.00 |     30 |
|  7934 | MILLER | CLERK    | 7782 | 1982-01-23 | 1300.00 |   NULL |     10 |
+-------+--------+----------+------+------------+---------+--------+--------+

-----------------------------------------------------------------------------------------------------

	
	select * from emp where ename like '%ES';
+-------+-------+---------+------+------------+---------+------+--------+
| EMPNO | ENAME | JOB     | MGR  | HIREDATE   | SAL     | COMM | DEPTNO |
+-------+-------+---------+------+------------+---------+------+--------+
|  7566 | JONES | MANAGER | 7839 | 1981-04-02 | 2975.00 | NULL |     20 |
|  7900 | JAMES | CLERK   | 7698 | 1981-12-03 |  950.00 | NULL |     30 |
+-------+-------+---------+------+------------+---------+------+--------+

-----------------------------------------------------------------------------------------------------

		
	select * from emp where job like 'C%k';
+-------+--------+-------+------+------------+---------+------+--------+
| EMPNO | ENAME  | JOB   | MGR  | HIREDATE   | SAL     | COMM | DEPTNO |
+-------+--------+-------+------+------------+---------+------+--------+
|  7369 | SMITH  | CLERK | 7902 | 1980-12-17 |  800.00 | NULL |     20 |
|  7876 | ADAMS  | CLERK | 7788 | 1983-01-12 | 1100.00 | NULL |     20 |
|  7900 | JAMES  | CLERK | 7698 | 1981-12-03 |  950.00 | NULL |     30 |
|  7934 | MILLER | CLERK | 7782 | 1982-01-23 | 1300.00 | NULL |     10 |
+-------+--------+-------+------+------------+---------+------+--------+

-----------------------------------------------------------------------------------------------------

	
	 select * from emp where ename like 'A%N' or 'S%H';
+-------+-------+----------+------+------------+---------+--------+--------+
| EMPNO | ENAME | JOB      | MGR  | HIREDATE   | SAL     | COMM   | DEPTNO |
+-------+-------+----------+------+------------+---------+--------+--------+
|  7499 | ALLEN | SALESMAN | 7698 | 1981-02-20 | 1600.00 | 300.00 |     30 |
+-------+-------+----------+------+------------+---------+--------+--------+

-----------------------------------------------------------------------------------------------------


	 select * from emp where ename like 'M%_L%R';
+-------+--------+-------+------+------------+---------+------+--------+
| EMPNO | ENAME  | JOB   | MGR  | HIREDATE   | SAL     | COMM | DEPTNO |
+-------+--------+-------+------+------------+---------+------+--------+
|  7934 | MILLER | CLERK | 7782 | 1982-01-23 | 1300.00 | NULL |     10 |
+-------+--------+-------+------+------------+---------+------+--------+

-----------------------------------------------------------------------------------------------------

	select * from emp where ename like 's%_I%h';
+-------+-------+-------+------+------------+--------+------+--------+
| EMPNO | ENAME | JOB   | MGR  | HIREDATE   | SAL    | COMM | DEPTNO |
+-------+-------+-------+------+------------+--------+------+--------+
|  7369 | SMITH | CLERK | 7902 | 1980-12-17 | 800.00 | NULL |     20 |
+-------+-------+-------+------+------------+--------+------+--------+

-----------------------------------------------------------------------------------------------------



	select * from emp where ename not like 'A%' and ename not like 'M%';
+-------+--------+-----------+------+------------+---------+--------+--------+
| EMPNO | ENAME  | JOB       | MGR  | HIREDATE   | SAL     | COMM   | DEPTNO |
+-------+--------+-----------+------+------------+---------+--------+--------+
|  7369 | SMITH  | CLERK     | 7902 | 1980-12-17 |  800.00 |   NULL |     20 |
|  7521 | WARD   | SALESMAN  | 7698 | 1981-02-22 | 1250.00 | 500.00 |     30 |
|  7566 | JONES  | MANAGER   | 7839 | 1981-04-02 | 2975.00 |   NULL |     20 |
|  7698 | BLAKE  | MANAGER   | 7839 | 1981-05-01 | 2850.00 |   NULL |     30 |
|  7782 | CLARK  | MANAGER   | 7839 | 1981-09-06 | 2450.00 |   NULL |     10 |
|  7788 | SCOTT  | ANALYST   | 7566 | 1982-12-09 | 3000.00 |   NULL |     20 |
|  7839 | KING   | PRESIDENT | NULL | 1981-11-17 | 5000.00 |   NULL |     10 |
|  7844 | TURNER | SALESMAN  | 7698 | 1981-09-08 | 1500.00 |   0.00 |     30 |
|  7900 | JAMES  | CLERK     | 7698 | 1981-12-03 |  950.00 |   NULL |     30 |
|  7902 | FORD   | ANALYST   | 7566 | 1981-12-03 | 3000.00 |   NULL |     20 |
+-------+--------+-----------+------+------------+---------+--------+--------+

-----------------------------------------------------------------------------------------------------


	
	select * from emp where sal>1000 && sal<=3000 and  job like 'A%T';
+-------+-------+---------+------+------------+---------+------+--------+
| EMPNO | ENAME | JOB     | MGR  | HIREDATE   | SAL     | COMM | DEPTNO |
+-------+-------+---------+------+------------+---------+------+--------+
|  7788 | SCOTT | ANALYST | 7566 | 1982-12-09 | 3000.00 | NULL |     20 |
|  7902 | FORD  | ANALYST | 7566 | 1981-12-03 | 3000.00 | NULL |     20 |
+-------+-------+---------+------+------------+---------+------+--------+

-----------------------------------------------------------------------------------------------------

	select * from emp where sal  not between 2000 and 3000 and job like '%man';
+-------+--------+----------+------+------------+---------+---------+--------+
| EMPNO | ENAME  | JOB      | MGR  | HIREDATE   | SAL     | COMM    | DEPTNO |
+-------+--------+----------+------+------------+---------+---------+--------+
|  7499 | ALLEN  | SALESMAN | 7698 | 1981-02-20 | 1600.00 |  300.00 |     30 |
|  7521 | WARD   | SALESMAN | 7698 | 1981-02-22 | 1250.00 |  500.00 |     30 |
|  7654 | MARTIN | SALESMAN | 7698 | 1981-09-28 | 1250.00 | 1400.00 |     30 |
|  7844 | TURNER | SALESMAN | 7698 | 1981-09-08 | 1500.00 |    0.00 |     30 |
+-------+--------+----------+------+------------+---------+---------+--------+

-----------------------------------------------------------------------------------------------------

		
	
	 select * from emp where comm=null or  ename like 'S%';
+-------+-------+---------+------+------------+---------+------+--------+
| EMPNO | ENAME | JOB     | MGR  | HIREDATE   | SAL     | COMM | DEPTNO |
+-------+-------+---------+------+------------+---------+------+--------+
|  7369 | SMITH | CLERK   | 7902 | 1980-12-17 |  800.00 | NULL |     20 |
|  7788 | SCOTT | ANALYST | 7566 | 1982-12-09 | 3000.00 | NULL |     20 |
+-------+-------+---------+------+------------+---------+------+--------+

-----------------------------------------------------------------------------------------------------



	 SELECT *
    -> FROM emp
    -> WHERE (deptno = 20 OR deptno = 30)
    ->   AND ename NOT LIKE '%S';
+-------+--------+----------+------+------------+---------+---------+--------+
| EMPNO | ENAME  | JOB      | MGR  | HIREDATE   | SAL     | COMM    | DEPTNO |
+-------+--------+----------+------+------------+---------+---------+--------+
|  7369 | SMITH  | CLERK    | 7902 | 1980-12-17 |  800.00 |    NULL |     20 |
|  7499 | ALLEN  | SALESMAN | 7698 | 1981-02-20 | 1600.00 |  300.00 |     30 |
|  7521 | WARD   | SALESMAN | 7698 | 1981-02-22 | 1250.00 |  500.00 |     30 |
|  7654 | MARTIN | SALESMAN | 7698 | 1981-09-28 | 1250.00 | 1400.00 |     30 |
|  7698 | BLAKE  | MANAGER  | 7839 | 1981-05-01 | 2850.00 |    NULL |     30 |
|  7788 | SCOTT  | ANALYST  | 7566 | 1982-12-09 | 3000.00 |    NULL |     20 |
|  7844 | TURNER | SALESMAN | 7698 | 1981-09-08 | 1500.00 |    0.00 |     30 |
|  7902 | FORD   | ANALYST  | 7566 | 1981-12-03 | 3000.00 |    NULL |     20 |
+-------+--------+----------+------+------------+---------+---------+--------+

-----------------------------------------------------------------------------------------------------

	select * from emp where comm is null and ename like 's%';
+-------+-------+---------+------+------------+---------+------+--------+
| EMPNO | ENAME | JOB     | MGR  | HIREDATE   | SAL     | COMM | DEPTNO |
+-------+-------+---------+------+------------+---------+------+--------+
|  7369 | SMITH | CLERK   | 7902 | 1980-12-17 |  800.00 | NULL |     20 |
|  7788 | SCOTT | ANALYST | 7566 | 1982-12-09 | 3000.00 | NULL |     20 |
+-------+-------+---------+------+------------+---------+------+--------+

-----------------------------------------------------------------------------------------------------


	select * from emp where comm is null;
+-------+--------+-----------+------+------------+---------+------+--------+
| EMPNO | ENAME  | JOB       | MGR  | HIREDATE   | SAL     | COMM | DEPTNO |
+-------+--------+-----------+------+------------+---------+------+--------+
|  7369 | SMITH  | CLERK     | 7902 | 1980-12-17 |  800.00 | NULL |     20 |
|  7566 | JONES  | MANAGER   | 7839 | 1981-04-02 | 2975.00 | NULL |     20 |
|  7698 | BLAKE  | MANAGER   | 7839 | 1981-05-01 | 2850.00 | NULL |     30 |
|  7782 | CLARK  | MANAGER   | 7839 | 1981-09-06 | 2450.00 | NULL |     10 |
|  7788 | SCOTT  | ANALYST   | 7566 | 1982-12-09 | 3000.00 | NULL |     20 |
|  7839 | KING   | PRESIDENT | NULL | 1981-11-17 | 5000.00 | NULL |     10 |
|  7876 | ADAMS  | CLERK     | 7788 | 1983-01-12 | 1100.00 | NULL |     20 |
|  7900 | JAMES  | CLERK     | 7698 | 1981-12-03 |  950.00 | NULL |     30 |
|  7902 | FORD   | ANALYST   | 7566 | 1981-12-03 | 3000.00 | NULL |     20 |
|  7934 | MILLER | CLERK     | 7782 | 1982-01-23 | 1300.00 | NULL |     10 |
+-------+--------+-----------+------+------------+---------+------+--------+


	select hiredate ,date_format(hiredate, "%Y")from emp;
+------------+-----------------------------+
| hiredate   | date_format(hiredate, "%Y") |
+------------+-----------------------------+
| 1980-12-17 | 1980                        |
| 1981-02-20 | 1981                        |
| 1981-02-22 | 1981                        |
| 1981-04-02 | 1981                        |
| 1981-09-28 | 1981                        |
| 1981-05-01 | 1981                        |
| 1981-09-06 | 1981                        |
| 1982-12-09 | 1982                        |
| 1981-11-17 | 1981                        |
| 1981-09-08 | 1981                        |
| 1983-01-12 | 1983                        |
| 1981-12-03 | 1981                        |
| 1981-12-03 | 1981                        |
| 1982-01-23 | 1982                        |
+------------+-----------------------------+
14 rows in set (0.00 sec)

mysql> select hiredate ,date_format(hiredate, "%y")from emp;
+------------+-----------------------------+
| hiredate   | date_format(hiredate, "%y") |
+------------+-----------------------------+
| 1980-12-17 | 80                          |
| 1981-02-20 | 81                          |
| 1981-02-22 | 81                          |
| 1981-04-02 | 81                          |
| 1981-09-28 | 81                          |
| 1981-05-01 | 81                          |
| 1981-09-06 | 81                          |
| 1982-12-09 | 82                          |
| 1981-11-17 | 81                          |
| 1981-09-08 | 81                          |
| 1983-01-12 | 83                          |
| 1981-12-03 | 81                          |
| 1981-12-03 | 81                          |
| 1982-01-23 | 82                          |
+------------+-----------------------------+
14 rows in set (0.00 sec)


	select * from  emp where  date_format(hiredate, "%Y")=1981;
+-------+--------+-----------+------+------------+---------+---------+--------+
| EMPNO | ENAME  | JOB       | MGR  | HIREDATE   | SAL     | COMM    | DEPTNO |
+-------+--------+-----------+------+------------+---------+---------+--------+
|  7499 | ALLEN  | SALESMAN  | 7698 | 1981-02-20 | 1600.00 |  300.00 |     30 |
|  7521 | WARD   | SALESMAN  | 7698 | 1981-02-22 | 1250.00 |  500.00 |     30 |
|  7566 | JONES  | MANAGER   | 7839 | 1981-04-02 | 2975.00 |    NULL |     20 |
|  7654 | MARTIN | SALESMAN  | 7698 | 1981-09-28 | 1250.00 | 1400.00 |     30 |
|  7698 | BLAKE  | MANAGER   | 7839 | 1981-05-01 | 2850.00 |    NULL |     30 |
|  7782 | CLARK  | MANAGER   | 7839 | 1981-09-06 | 2450.00 |    NULL |     10 |
|  7839 | KING   | PRESIDENT | NULL | 1981-11-17 | 5000.00 |    NULL |     10 |
|  7844 | TURNER | SALESMAN  | 7698 | 1981-09-08 | 1500.00 |    0.00 |     30 |
|  7900 | JAMES  | CLERK     | 7698 | 1981-12-03 |  950.00 |    NULL |     30 |
|  7902 | FORD   | ANALYST   | 7566 | 1981-12-03 | 3000.00 |    NULL |     20 |
+-------+--------+-----------+------+------------+---------+---------+--------+


		
	select concat(rpad(ename , 9 ,'*'), sal) from emp;
+-----------------------------------+
| concat(rpad(ename , 9 ,'*'), sal) |
+-----------------------------------+
| SMITH****800.00                   |
| ALLEN****1600.00                  |
| WARD*****1250.00                  |
| JONES****2975.00                  |
| MARTIN***1250.00                  |
| BLAKE****2850.00                  |
| CLARK****2450.00                  |
| SCOTT****3000.00                  |
| KING*****5000.00                  |
| TURNER***1500.00                  |
| ADAMS****1100.00                  |
| JAMES****950.00                   |
| FORD*****3000.00                  |
| MILLER***1300.00                  |
+-----------------------------------+

   	select concat
	(
		rpad(ename , 9 ,'*'),
		truncate(sal,0)
	) from emp;
+----------------------------------------------+
| concat(rpad(ename , 9 ,'*'),truncate(sal,0)) |
+----------------------------------------------+
| SMITH****800                                 |
| ALLEN****1600                                |
| WARD*****1250                                |
| JONES****2975                                |
| MARTIN***1250                                |
| BLAKE****2850                                |
| CLARK****2450                                |
| SCOTT****3000                                |
| KING*****5000                                |
| TURNER***1500                                |
| ADAMS****1100                                |
| JAMES****950                                 |
| FORD*****3000                                |
| MILLER***1300                                |
+----------------------------------------------+
		
	
	
	 select * from emp where sal%3=0;
+-------+--------+----------+------+------------+---------+------+--------+
| EMPNO | ENAME  | JOB      | MGR  | HIREDATE   | SAL     | COMM | DEPTNO |
+-------+--------+----------+------+------------+---------+------+--------+
|  7698 | BLAKE  | MANAGER  | 7839 | 1981-05-01 | 2850.00 | NULL |     30 |
|  7788 | SCOTT  | ANALYST  | 7566 | 1982-12-09 | 3000.00 | NULL |     20 |
|  7844 | TURNER | SALESMAN | 7698 | 1981-09-08 | 1500.00 | 0.00 |     30 |
|  7902 | FORD   | ANALYST  | 7566 | 1981-12-03 | 3000.00 | NULL |     20 |
+-------+--------+----------+------+------------+---------+------+--------+
4 rows in set (0.00 sec)

mysql> select * from emp where mod(sal,3)=0;
+-------+--------+----------+------+------------+---------+------+--------+
| EMPNO | ENAME  | JOB      | MGR  | HIREDATE   | SAL     | COMM | DEPTNO |
+-------+--------+----------+------+------------+---------+------+--------+
|  7698 | BLAKE  | MANAGER  | 7839 | 1981-05-01 | 2850.00 | NULL |     30 |
|  7788 | SCOTT  | ANALYST  | 7566 | 1982-12-09 | 3000.00 | NULL |     20 |
|  7844 | TURNER | SALESMAN | 7698 | 1981-09-08 | 1500.00 | 0.00 |     30 |
|  7902 | FORD   | ANALYST  | 7566 | 1981-12-03 | 3000.00 | NULL |     20 |
+-------+--------+----------+------+------------+---------+------+--------+
4 rows in set (0.00 sec)


	select concat(

	ename, "@mycompany.com"
	
	)from emp;


concat(

ename, "@mycompany.com"

) |
+-------------------------------------+
| SMITH@mycompany.com                 |
| ALLEN@mycompany.com                 |
| WARD@mycompany.com                  |
| JONES@mycompany.com                 |
| MARTIN@mycompany.com                |
| BLAKE@mycompany.com                 |
| CLARK@mycompany.com                 |
| SCOTT@mycompany.com                 |
| KING@mycompany.com                  |
| TURNER@mycompany.com                |
| ADAMS@mycompany.com                 |
| JAMES@mycompany.com                 |
| FORD@mycompany.com                  |
| MILLER@mycompany.com                |
+-------------------------------------+


	 select ename , length(ename)from emp;
+--------+---------------+
| ename  | length(ename) |
+--------+---------------+
| SMITH  |             5 |
| ALLEN  |             5 |
| WARD   |             4 |
| JONES  |             5 |
| MARTIN |             6 |
| BLAKE  |             5 |
| CLARK  |             5 |
| SCOTT  |             5 |
| KING   |             4 |
| TURNER |             6 |
| ADAMS  |             5 |
| JAMES  |             5 |
| FORD   |             4 |
| MILLER |             6 |
+--------+---------------+


	select concat(

	substr(ename, 1,3) , ".", "2", substr(job, 3,1)
	) from emp;

	
+------------------------------------------------------------+
| SMI.2E                                                     |
| ALL.2L                                                     |
| WAR.2L                                                     |
| JON.2N                                                     |
| MAR.2L                                                     |
| BLA.2N                                                     |
| CLA.2N                                                     |
| SCO.2A                                                     |
| KIN.2E                                                     |
| TUR.2L                                                     |
| ADA.2E                                                     |
| JAM.2E                                                     |
| FOR.2A                                                     |
| MIL.2E                                                     |
+------------------------------------------------------------+


	
	